first(scalar_mult),avgTail(scalar_mult)
3.0005000098753953e-05,3.89271749736864e-06
1.8775000171444844e-05,2.2063489736114206e-06
9.31899967326899e-06,2.0095943303507133e-06
