start,end
17:13:59.678662,17:13:59.680706
17:14:8.343635,17:14:8.345849
17:14:16.874673,17:14:16.876921
