first,avgTail
0.0031803120000404306,0.0029212918621702353
0.0027853880001202924,0.002687282719452319
0.002796511999804352,0.002679342612903642
