start,end
17:15:8.573419,17:15:11.485307
17:15:17.127259,17:15:19.997187
17:15:25.697480,17:15:28.651143
