start,end
17:10:36.887294,17:10:39.637057
17:10:45.189626,17:10:47.936126
17:10:53.478878,17:10:56.230703
