first(relu_act),avgTail(relu_act)
1.0500999906071229e-05,1.8643968715884368e-06
8.464000075036893e-06,1.8845747801280804e-06
8.765999609749997e-06,1.8906334310931685e-06
