start,end
17:5:39.452239,17:5:39.454392
17:5:48.33598,17:5:48.35856
17:5:56.330126,17:5:56.332142
