start,end
17:10:32.494950,17:10:32.497080
17:10:41.118420,17:10:41.120529
17:10:49.416515,17:10:49.418638
