start,end
17:6:35.295426,17:6:35.297432
17:6:44.79490,17:6:44.81465
17:6:52.682906,17:6:52.684827
