first,avgTail
0.0013232450000941753,0.0012636613890516146
0.0012694189999820082,0.0011716409208215785
0.0012588429999595974,0.0011674532297165268
