first,avgTail
4.219999982524314e-05,7.050027370398742e-06
8.71399970492348e-06,1.9636539588680648e-06
8.91800027602585e-06,1.974919843067527e-06
