start,end
17:15:4.309994,17:15:4.312574
17:15:13.9023,17:15:13.11036
17:15:21.491070,17:15:21.493108
