start,end
17:13:59.669673,17:13:59.671750
17:14:8.337489,17:14:8.339452
17:14:16.868654,17:14:16.870607
