start,end
17:3:51.124307,17:3:51.126347
17:3:59.772559,17:3:59.774549
17:4:8.224639,17:4:8.226578
