first(dilated_conv2d),avgTail(dilated_conv2d)
0.0012959790001332294,0.0012177152609969312
0.0012594989998433448,0.0011851789130007076
0.001304720999996789,0.0012256421925711301
