start,end
17:15:6.839821,17:15:8.128178
17:15:15.429869,17:15:16.678389
17:15:23.958625,17:15:25.235530
