start,end
17:14:2.325174,17:14:3.546586
17:14:10.883433,17:14:12.86262
17:14:19.416287,17:14:20.618881
