start,end
17:10:35.236016,17:10:36.437478
17:10:43.527372,17:10:44.736985
17:10:51.821139,17:10:53.26510
