start,end
17:5:42.56389,17:5:43.289631
17:5:50.435446,17:5:51.639642
17:5:58.719382,17:5:59.926408
