start,end
17:6:37.841619,17:6:39.168808
17:6:46.480788,17:6:47.688319
17:6:55.159172,17:6:56.447208
