first(big_dense),avgTail(big_dense)
2.193099999203696e-05,1.079713782966822e-05
1.830199971664115e-05,9.729463343057987e-06
3.1941000088409055e-05,1.0249790810926817e-05
