first,avgTail
2.6289999823347898e-05,1.293126490698089e-05
1.9303000044601504e-05,9.914032258025648e-06
3.14819999402971e-05,9.846291300319595e-06
