start,end
17:13:59.685362,17:13:59.696381
17:14:8.350153,17:14:8.360597
17:14:16.881730,17:14:16.891746
