start,end
17:5:39.468228,17:5:39.479134
17:5:48.46831,17:5:48.57336
17:5:56.343647,17:5:56.353852
