start,end
17:6:35.309825,17:6:35.320688
17:6:44.92144,17:6:44.102150
17:6:52.696226,17:6:52.706287
