first,avgTail
3.83810001949314e-05,3.737137829860989e-06
1.0922999535978306e-05,1.986750733291795e-06
9.786999726202339e-06,1.9885757575438603e-06
