start,end
17:6:35.303431,17:6:35.305502
17:6:44.85453,17:6:44.87582
17:6:52.689519,17:6:52.691620
