start,end
17:10:32.501668,17:10:32.503996
17:10:41.124931,17:10:41.127222
17:10:49.422552,17:10:49.424952
