start,end
17:15:4.319132,17:15:4.321459
17:15:13.14902,17:15:13.16992
17:15:21.497192,17:15:21.499461
