start,end
17:5:39.460100,17:5:39.462404
17:5:48.39774,17:5:48.41963
17:5:56.336108,17:5:56.338350
