first(strided_conv2d),avgTail(strided_conv2d)
0.00021154399973966065,6.806374389020076e-05
0.0001918670000122802,6.887539296223509e-05
0.00020162700002401834,6.654605962883104e-05
