start,end
17:14:1.733843,17:14:1.822116
17:14:10.302199,17:14:10.384695
17:14:18.832146,17:14:18.915936
