start,end
17:10:34.674824,17:10:34.771755
17:10:42.992877,17:10:43.74320
17:10:51.281062,17:10:51.369666
