first(simple_conv2d),avgTail(simple_conv2d)
0.0010608269999465847,0.0010258408387095208
0.0010496619997866219,0.0009574832355813554
0.001034794000133843,0.0009242418993157701
