start,end
17:6:35.784326,17:6:36.824798
17:6:44.550026,17:6:45.503369
17:6:53.156991,17:6:54.118928
