start,end
17:15:4.805799,17:15:5.826932
17:15:13.487444,17:15:14.442075
17:15:21.976520,17:15:22.974081
