first,avgTail
0.0010824729997693794,0.0011533088475073072
0.0010486080000191578,0.0009124216705764653
0.0010194159995080554,0.0009280715307915638
