start,end
17:10:32.986245,17:10:34.195712
17:10:41.593492,17:10:42.540859
17:10:49.888595,17:10:50.829060
