start,end
17:14:0.219543,17:14:1.233831
17:14:8.859640,17:14:9.802754
17:14:17.390535,17:14:18.332120
