start,end
17:5:39.954457,17:5:41.51801
17:5:48.503244,17:5:49.454844
17:5:56.799538,17:5:57.740062
