first(few_conv2d),avgTail(few_conv2d)
0.001094078999813064,0.0009931124584554682
0.0010932529999081453,0.0010081783118278465
0.0011018820000572305,0.0009832960596286426
