start,end
17:6:43.47876,17:6:44.72622
17:6:51.635243,17:6:52.676609
17:7:0.341732,17:7:1.404515
