start,end
17:15:11.944628,17:15:13.4081
17:15:20.447019,17:15:21.484550
17:15:29.115746,17:15:30.150532
