start,end
17:10:40.88855,17:10:41.112740
17:10:48.390233,17:10:49.411520
17:10:56.682948,17:10:57.708664
