first,avgTail
0.0001603830000931339,7.483698044969252e-05
0.00020199999926262535,6.535350244339036e-05
0.00020707600015157368,6.499895796714679e-05
