start,end
17:15:6.289072,17:15:6.380589
17:15:14.889411,17:15:14.970722
17:15:23.425359,17:15:23.514622
