start,end
17:6:37.286171,17:6:37.369967
17:6:45.950069,17:6:46.33804
17:6:54.592484,17:6:54.695977
