start,end
17:5:41.518687,17:5:41.610335
17:5:49.900477,17:5:49.985761
17:5:58.188837,17:5:58.269843
