start,end
17:15:4.327559,17:15:4.339028
17:15:13.20935,17:15:13.30984
17:15:21.503846,17:15:21.514413
