start,end
17:10:32.507999,17:10:32.518584
17:10:41.131416,17:10:41.142379
17:10:49.429514,17:10:49.440029
