relu_act,leaky_relu_act,tanh_act,sigmoid_act,scalar_mult,small_dense,big_dense,simple_conv2d,strided_conv2d,dilated_conv2d,small_conv2d,big_conv2d
,,,,,,,,,,,
0.0026575809999940248,0.0019219910000174423,0.0013471480000362135,0.0014760560000013356,0.0010873930000343535,0.0020395359999838547,0.0055308530000957035,1.6175996050000094,0.16667133700002523,1.5099034079999,1.3115506829999504,2.331807521000087
0.0011561149999579357,0.0010556830000041373,0.001031208000085826,0.001312802999905216,0.0008635850000473511,0.0006095070000355918,0.006506801000000451,1.3523604289999867,0.11089603499999612,1.480258015000004,1.126900227999954,2.093462389000024
0.0013876259999960894,0.0009968319999416053,0.0010744280000380968,0.0012224039999182423,0.0009927969999807829,0.0006865640000341955,0.005054576000020461,1.3559090689999493,0.09414034299993546,1.3409979549999207,1.1637732640000422,2.1713877560000583
