first(big_conv2d),avgTail(big_conv2d)
0.0025060930001927773,0.0026950016050829926
0.0025337360002595233,0.0027000093528833694
0.002479157999914605,0.0027182253118278777
