start,end
17:5:43.757016,17:5:46.550448
17:5:52.87961,17:5:54.846378
17:6:0.375491,17:6:3.112468
