start,end
17:6:39.622781,17:6:42.598979
17:6:48.138626,17:6:51.176158
17:6:56.895427,17:6:59.875002
