start,end
17:14:4.44619,17:14:6.804824
17:14:12.584040,17:14:15.340265
17:14:21.116517,17:14:23.871590
