first,avgTail
0.0010893250000663102,0.0009912501964804447
0.0011384979998183553,0.000990935182795788
0.001138661999902979,0.0009921954682304576
