start,end
17:14:7.305607,17:14:8.331588
17:14:15.838003,17:14:16.862640
17:14:24.370424,17:14:25.392647
