start,end
17:5:46.998092,17:5:48.28638
17:5:55.293073,17:5:56.323621
17:6:3.559695,17:6:4.580202
